#NumberOfNodes,Dijkstra,CH-Dijkstra
1000, 0.0600076362, 0.0577519782
10000, 0.9050186734000001, 0.7826164325
20000, 2.0841227817, 1.3898815145
50000, 5.5897051630000005, 3.7648389434999996
100000, 11.5448193022, 7.0279763861
200000, 25.2894007221, 12.6808394933
